id;active;created_by;created_date;last_modified_by;last_modified_date;agent_id;monitor_id
1;false;like;2025-12-02T12:33:08;oh;2025-12-02T21:39:43;1;1
2;true;if jogging ha;2025-12-02T13:27:02;so colorfully passport;2025-12-02T12:03:13;2;2
3;true;muscat squeaky near;2025-12-02T14:33:31;per;2025-12-02T14:13:58;3;3
4;true;pessimistic dramatic;2025-12-03T00:01:47;soon swiftly tomb;2025-12-03T02:44:57;4;4
5;true;joyfully;2025-12-02T23:41:11;consequently;2025-12-03T05:58:48;5;5
6;true;finer that blindly;2025-12-03T07:14:03;everlasting deflate split;2025-12-02T22:59:56;6;6
7;false;why cassava since;2025-12-03T02:39:11;hmph once ugh;2025-12-03T01:10:02;7;7
8;true;whoa if disbar;2025-12-03T01:52:21;powerfully sign brand;2025-12-02T15:13:08;8;8
9;true;aha;2025-12-02T12:12:40;joyously;2025-12-02T11:24:55;9;9
10;false;carelessly overreact;2025-12-02T10:01:09;as but;2025-12-03T06:40:11;10;10
