id;name;description;key_hash;active;last_used_date;expires_at;created_by;created_date;last_modified_by;last_modified_date
1;elliptical dwell;gape;till;true;2025-12-04T14:19:53;2025-12-04T23:25:44;whereas along hawk;2025-12-04T18:54:56;dwell;2025-12-05T05:31:48
2;forsaken;alongside;around;false;2025-12-05T02:13:30;2025-12-04T15:46:26;scarily oh geez;2025-12-04T14:45:58;drab what indeed;2025-12-05T00:12:22
3;ugh;eke arrogantly;along abacus;true;2025-12-04T08:47:29;2025-12-04T12:30:52;selfishly overheard;2025-12-04T17:46:23;thyme glass;2025-12-04T08:34:51
4;along;yuck;joshingly collectivization drat;false;2025-12-04T19:19:58;2025-12-04T21:55:06;hm saw emphasise;2025-12-04T19:24:44;enroll officially supposing;2025-12-04T14:25:40
5;duh gosh yippee;pleasant intensely;anesthetize certainly;true;2025-12-05T03:26:14;2025-12-04T09:20:21;for psst;2025-12-04T20:26:28;ugh;2025-12-04T19:58:47
6;spring general;anesthetize following controvert;border;true;2025-12-04T22:52:05;2025-12-05T01:53:21;anenst;2025-12-04T17:03:23;underneath travel;2025-12-04T14:15:21
7;out siege;strictly ugh gloat;interestingly hunt;true;2025-12-04T20:15:47;2025-12-05T02:30:58;traffic fluctuate;2025-12-05T00:21:11;low;2025-12-05T00:18:04
8;hence ha divert;overcook adolescent excluding;how;true;2025-12-05T02:19:15;2025-12-04T05:43:27;likewise respray;2025-12-05T03:34:43;coolly ew;2025-12-04T17:47:25
9;phew circa posh;commercial;weakly hasty;false;2025-12-05T00:09:06;2025-12-05T00:10:39;daily stake;2025-12-04T11:18:46;cruelly browse blah;2025-12-05T01:32:14
10;provision;warmly besides quickly;along lender qua;true;2025-12-05T03:05:27;2025-12-04T17:16:24;or peppery puritan;2025-12-04T06:25:41;yowza dimly;2025-12-04T12:33:36
