id;action;entity_name;entity_id;old_value;new_value;timestamp;ip_address;user_agent
1;er;furthermore revitalise cute;17776;../fake-data/blob/hipster.txt;../fake-data/blob/hipster.txt;2025-12-04T08:59:46;develop spotless jaggedly;../fake-data/blob/hipster.txt
2;aha;taut despite;3183;../fake-data/blob/hipster.txt;../fake-data/blob/hipster.txt;2025-12-04T18:32:45;bah;../fake-data/blob/hipster.txt
3;late;inasmuch mmm towards;24409;../fake-data/blob/hipster.txt;../fake-data/blob/hipster.txt;2025-12-04T20:16:20;cafe huge;../fake-data/blob/hipster.txt
4;glum intensely;unless nor fly;25362;../fake-data/blob/hipster.txt;../fake-data/blob/hipster.txt;2025-12-04T07:36:52;friendly aboard;../fake-data/blob/hipster.txt
5;and carefully;boo sign that;917;../fake-data/blob/hipster.txt;../fake-data/blob/hipster.txt;2025-12-04T11:45:15;honestly harmful only;../fake-data/blob/hipster.txt
6;foolishly ugh intermarry;license;18500;../fake-data/blob/hipster.txt;../fake-data/blob/hipster.txt;2025-12-04T22:47:59;pish huzzah as;../fake-data/blob/hipster.txt
7;wheel;continually;31615;../fake-data/blob/hipster.txt;../fake-data/blob/hipster.txt;2025-12-04T07:22:45;suddenly outfit er;../fake-data/blob/hipster.txt
8;whereas;boohoo searchingly;16099;../fake-data/blob/hipster.txt;../fake-data/blob/hipster.txt;2025-12-05T04:43:43;table;../fake-data/blob/hipster.txt
9;failing reconstitute;tighten;26657;../fake-data/blob/hipster.txt;../fake-data/blob/hipster.txt;2025-12-05T02:12:51;aw sit potentially;../fake-data/blob/hipster.txt
10;wrathful cone promptly;ha ugh;6549;../fake-data/blob/hipster.txt;../fake-data/blob/hipster.txt;2025-12-04T08:29:43;energetically since;../fake-data/blob/hipster.txt
