id;executed_at;success;response_time_ms;response_size_bytes;response_status_code;response_content_type;response_server;response_cache_status;dns_lookup_ms;tcp_connect_ms;tls_handshake_ms;time_to_first_byte_ms;warning_threshold_ms;critical_threshold_ms;error_type;error_message;raw_request_headers;raw_response_headers;raw_response_body
1;2025-12-02T11:32:41;false;1322;19557;30833;soggy;into once amidst;forenenst outside;31375;24963;29935;8692;26856;21965;than stained;../fake-data/blob/hipster.txt;../fake-data/blob/hipster.txt;../fake-data/blob/hipster.txt;../fake-data/blob/hipster.txt
2;2025-12-02T09:46:02;true;9526;14803;29885;tenderly cop;tomorrow wisely doorpost;quaintly hastily questioningly;20975;5298;19017;14633;2749;16563;astride;../fake-data/blob/hipster.txt;../fake-data/blob/hipster.txt;../fake-data/blob/hipster.txt;../fake-data/blob/hipster.txt
3;2025-12-02T20:03:43;true;20876;30902;25047;pop brightly sting;idolized emergent;till sermon;4578;1912;11078;16897;25050;24811;consequently regulate short;../fake-data/blob/hipster.txt;../fake-data/blob/hipster.txt;../fake-data/blob/hipster.txt;../fake-data/blob/hipster.txt
4;2025-12-02T22:30:52;false;23413;3018;30699;majority amidst;amongst of;yawn psst;4976;17462;9622;3879;26913;26810;psst righteously new;../fake-data/blob/hipster.txt;../fake-data/blob/hipster.txt;../fake-data/blob/hipster.txt;../fake-data/blob/hipster.txt
5;2025-12-03T08:21:32;false;31986;27490;23837;because analyse;than labourer;belabor;27099;12879;4979;26599;18175;26571;behind sneak shallow;../fake-data/blob/hipster.txt;../fake-data/blob/hipster.txt;../fake-data/blob/hipster.txt;../fake-data/blob/hipster.txt
6;2025-12-02T22:13:15;false;29873;7558;25717;detain;vanadyl and soybean;um jovially;27731;10704;20383;16998;26672;5359;chops;../fake-data/blob/hipster.txt;../fake-data/blob/hipster.txt;../fake-data/blob/hipster.txt;../fake-data/blob/hipster.txt
7;2025-12-02T11:41:43;true;26056;31342;3000;clear legislature suspiciously;until observe;plus intently yippee;19996;21419;12885;5688;10364;22371;meanwhile;../fake-data/blob/hipster.txt;../fake-data/blob/hipster.txt;../fake-data/blob/hipster.txt;../fake-data/blob/hipster.txt
8;2025-12-03T00:52:08;false;13828;18002;31093;partridge;profuse;for shell querulous;7113;29992;10309;15611;13415;18484;briefly gadzooks enormously;../fake-data/blob/hipster.txt;../fake-data/blob/hipster.txt;../fake-data/blob/hipster.txt;../fake-data/blob/hipster.txt
9;2025-12-02T10:19:28;true;2962;6057;23796;to;till recent weep;hippodrome knavishly wetly;26966;22816;5153;8830;25218;31988;boring;../fake-data/blob/hipster.txt;../fake-data/blob/hipster.txt;../fake-data/blob/hipster.txt;../fake-data/blob/hipster.txt
10;2025-12-02T23:10:51;true;11016;19752;19198;cheerfully swanling gymnast;fray blah unless;including impish minus;16805;27654;18206;6917;1313;17700;how yak over;../fake-data/blob/hipster.txt;../fake-data/blob/hipster.txt;../fake-data/blob/hipster.txt;../fake-data/blob/hipster.txt
