id;executed_at;success;status;response_time_ms;error_message;metadata;service_id
1;2025-12-04T10:32:51;false;whether boastfully;25389;../fake-data/blob/hipster.txt;../fake-data/blob/hipster.txt;1
2;2025-12-05T05:13:40;true;coolly for;431;../fake-data/blob/hipster.txt;../fake-data/blob/hipster.txt;2
3;2025-12-05T02:23:49;true;zowie adolescent;22938;../fake-data/blob/hipster.txt;../fake-data/blob/hipster.txt;3
4;2025-12-05T00:48:18;false;bonfire;11125;../fake-data/blob/hipster.txt;../fake-data/blob/hipster.txt;4
5;2025-12-04T14:37:20;false;aw brandish;28720;../fake-data/blob/hipster.txt;../fake-data/blob/hipster.txt;5
6;2025-12-04T23:12:38;true;although geez SUV;31087;../fake-data/blob/hipster.txt;../fake-data/blob/hipster.txt;6
7;2025-12-04T15:59:37;true;climb through;18293;../fake-data/blob/hipster.txt;../fake-data/blob/hipster.txt;7
8;2025-12-04T15:05:55;true;once;16226;../fake-data/blob/hipster.txt;../fake-data/blob/hipster.txt;8
9;2025-12-04T20:18:13;false;whenever;10574;../fake-data/blob/hipster.txt;../fake-data/blob/hipster.txt;9
10;2025-12-05T03:36:54;false;around gust;23436;../fake-data/blob/hipster.txt;../fake-data/blob/hipster.txt;10
