id;parent_type;parent_id;child_type;child_id;metadata;created_at
1;dutiful following fencing;11827;instead furiously;27521;../fake-data/blob/hipster.txt;2025-12-05T05:01:12
2;yippee;9398;failing settle via;10291;../fake-data/blob/hipster.txt;2025-12-04T10:24:45
3;after downchange;2142;pro ample surprise;29631;../fake-data/blob/hipster.txt;2025-12-04T12:06:27
4;cloudy redact;23388;anenst uh-huh innocently;17757;../fake-data/blob/hipster.txt;2025-12-05T01:31:14
5;sandy;19922;flint lend;499;../fake-data/blob/hipster.txt;2025-12-04T15:15:01
6;upbeat;24345;unnecessarily sweetly;27319;../fake-data/blob/hipster.txt;2025-12-04T18:19:28
7;than pushy brown;7687;brilliant uncommon;11614;../fake-data/blob/hipster.txt;2025-12-04T15:59:36
8;if papa;16907;closely meanwhile;2611;../fake-data/blob/hipster.txt;2025-12-04T21:59:59
9;or what although;1229;greedily yet geez;23261;../fake-data/blob/hipster.txt;2025-12-04T17:05:47
10;woot;10187;rich slather;8052;../fake-data/blob/hipster.txt;2025-12-05T01:33:50
