id;item_type;item_id;display_order;created_at;status_page_id
1;kookily;32238;1687;2025-12-04T13:07:51;1
2;instead infamous;3656;30588;2025-12-04T07:49:10;2
3;achieve pish;22835;30497;2025-12-04T18:27:25;3
4;focalise consistency deliquesce;14062;28682;2025-12-04T07:26:44;4
5;glow ick;13708;12919;2025-12-05T03:35:44;5
6;fraudster mobilize;4989;8221;2025-12-04T15:46:23;6
7;vice seriously;5615;28196;2025-12-04T08:15:17;7
8;practical;23531;15113;2025-12-04T22:21:20;8
9;transcend utterly;11491;11004;2025-12-04T06:04:18;9
10;abnormally;2894;13520;2025-12-04T15:56:37;10
