id;key;value;entity_type;entity_id;created_by;created_date
1;incidentally display;notarize frivolous;steep frightfully;13435;ew;2025-12-02T14:25:51
2;where;woot furthermore;weakly furiously circumnavigate;696;below;2025-12-02T20:38:29
3;beret;assist camouflage pecan;masticate sanity;15305;jam-packed indeed materialise;2025-12-02T18:21:33
4;where potable reassuringly;wetly far;blah during aw;32733;especially;2025-12-03T04:27:43
5;content augment positively;unnaturally;cruelty apud tired;16972;silently how unique;2025-12-02T23:06:41
6;triangular innocently;yearly waver screw;within replicate foolhardy;25005;yahoo;2025-12-03T07:41:21
7;jaggedly stupendous;representation shadowbox;daddy;4822;between;2025-12-02T16:52:08
8;inquisitively reassuringly;mid kissingly carelessly;anti;30889;mid;2025-12-03T05:44:51
9;limply;queasily premier chap;only;12936;consequently excluding;2025-12-03T01:10:08
10;how;swordfish darn;forenenst;3729;narrowcast;2025-12-03T00:11:10
